{
    "contentType": "application/vnd.microsoft.card.adaptive",
      "content": {
    "type": "AdaptiveCard",
    "body":[
        {
            "type": "TextBlock",
            "size":"medium",
            "weight":"bolder", 
            "text": "Cat 3"
        },
        {
        "type": "Image",
        "backgroundColor": "#7B83EB",
        "url": "https://adaptivecards.io/content/cats/3.png"
    
        }
    ],
    "$schema": "http://adaptivecards.io/schemas/adaptive-card.json",
    "version": "1.4"
}
}