{
  "type": "AdaptiveCard",
  "body": [
    {
      "type": "TextBlock",
      "size": "Medium",
      "weight": "Bolder",
      "text": "Learn Adaptive Card and Commands"
    },
    {
      "type": "TextBlock",
      "text": "Now you have triggered a command that sends this card! Go to documentations to learn more about Adaptive Card and Commands in Teams Bot. Click on \"I like this\" below if you think this is helpful.",
      "wrap": true
    },
    {
      "type": "FactSet",
      "facts": [
        {
          "title": "Like Count:",
          "value": "${likeCount}"
        }
      ]
    }
  ],
  "actions": [
    {
      "type": "Action.Execute",
      "title": "I Like This!",
      "verb": "userlike",
      "fallback": "Action.Submit"
    },
    {
      "type": "Action.OpenUrl",
      "title": "Adaptive Card Docs",
      "url": "https://docs.microsoft.com/en-us/adaptive-cards/"
    },
    {
      "type": "Action.OpenUrl",
      "title": "Bot Command Docs",
      "url": "https://docs.microsoft.com/en-us/microsoftteams/platform/bots/how-to/create-a-bot-commands-menu?tabs=desktop%2Cdotnet"
    }
  ],
  "$schema": "http://adaptivecards.io/schemas/adaptive-card.json",
  "version": "1.4"
}
