{
    "contentType": "application/vnd.microsoft.card.adaptive",
      "content": {
    "type": "AdaptiveCard",
    "body": [
        {
            "type": "TextBlock",
            "size": "Medium",
            "weight": "Bolder",
            "text": "Cat 1"
        },
        {
            "type": "Image",
            "backgroundColor": "#7B83EB",
            "url": "https://adaptivecards.io/content/cats/1.png"
        }
    ],
    "$schema": "http://adaptivecards.io/schemas/adaptive-card.json",
    "version": "1.4"
}
}

